lastUpdated,title,url
" This page was last edited on 31 July 2021, at 22:55",Kevin Bacon,https://en.wikipedia.org/wiki/Kevin_Bacon
" This page was last edited on 25 June 2021, at 23:11", (TV series),https://en.wikipedia.org/wiki/I_Love_Dick_(TV_series)
" This page was last edited on 13 July 2021, at 17:43",Streaming television,https://en.wikipedia.org/wiki/Streaming_television
" This page was last edited on 28 June 2021, at 16:40",Six Degrees of Kevin Bacon,https://en.wikipedia.org/wiki/Six_Degrees_of_Kevin_Bacon
" This page was last edited on 1 August 2021, at 13:50",Golden Globe Award for Best Actor – Television Series Musical or Comedy,https://en.wikipedia.org/wiki/Golden_Globe_Award_for_Best_Actor_%E2%80%93_Television_Series_Musical_or_Comedy
" This page was last edited on 2 March 2021, at 15:35",SixDegrees.org,https://en.wikipedia.org/wiki/SixDegrees.org
" This page was last edited on 2 August 2021, at 10:40",The Guardian,https://en.wikipedia.org/wiki/The_Guardian
" This page was last edited on 25 July 2021, at 03:51",Primetime Emmy Awards,https://en.wikipedia.org/wiki/Primetime_Emmy_Award
" This page was last edited on 25 July 2021, at 14:59",Hollywood Walk of Fame,https://en.wikipedia.org/wiki/Hollywood_Walk_of_Fame
" This page was last edited on 23 July 2021, at 16:15",Academy Awards,https://en.wikipedia.org/wiki/Academy_Award
" This page was last edited on 31 July 2021, at 17:21",Social networking service,https://en.wikipedia.org/wiki/Social_networking_service
" This page was last edited on 13 July 2021, at 14:19",Screen Actors Guild Awards,https://en.wikipedia.org/wiki/Screen_Actors_Guild_Award
" This page was last edited on 1 August 2021, at 15:41",Golden Globe Awards,https://en.wikipedia.org/wiki/Golden_Globe_Award
" This page was last edited on 10 June 2021, at 04:58",Taking Chance,https://en.wikipedia.org/wiki/Taking_Chance
" This page was last edited on 13 July 2021, at 09:04",The Following,https://en.wikipedia.org/wiki/The_Following
" This page was last edited on 13 April 2021, at 11:52",Chlotrudis Society for Independent Film,https://en.wikipedia.org/wiki/Chlotrudis_Awards
" This page was last edited on 1 August 2021, at 06:05",Access Hollywood,https://en.wikipedia.org/wiki/Access_Hollywood
" This page was last edited on 2 August 2021, at 18:26",The New York Times,https://en.wikipedia.org/wiki/The_New_York_Times
" This page was last edited on 11 July 2021, at 07:35",Alan Rickman,https://en.wikipedia.org/wiki/Alan_Rickman
" This page was last edited on 20 July 2021, at 22:04",Ving Rhames,https://en.wikipedia.org/wiki/Ving_Rhames
" This page was last edited on 30 July 2021, at 14:47",Stanley Tucci,https://en.wikipedia.org/wiki/Stanley_Tucci
" This page was last edited on 30 July 2021, at 14:16",HBO,https://en.wikipedia.org/wiki/HBO
lastUpdated,title,url
" This page was last edited on 31 July 2021, at 22:55",Kevin Bacon,https://en.wikipedia.org/wiki/Kevin_Bacon
" This page was last edited on 25 June 2021, at 23:11", (TV series),https://en.wikipedia.org/wiki/I_Love_Dick_(TV_series)
" This page was last edited on 1 August 2021, at 13:50",Golden Globe Award for Best Actor – Television Series Musical or Comedy,https://en.wikipedia.org/wiki/Golden_Globe_Award_for_Best_Actor_%E2%80%93_Television_Series_Musical_or_Comedy
" This page was last edited on 13 July 2021, at 17:43",Streaming television,https://en.wikipedia.org/wiki/Streaming_television
" This page was last edited on 2 March 2021, at 15:35",SixDegrees.org,https://en.wikipedia.org/wiki/SixDegrees.org
" This page was last edited on 28 June 2021, at 16:40",Six Degrees of Kevin Bacon,https://en.wikipedia.org/wiki/Six_Degrees_of_Kevin_Bacon
" This page was last edited on 25 July 2021, at 03:51",Primetime Emmy Awards,https://en.wikipedia.org/wiki/Primetime_Emmy_Award
" This page was last edited on 25 July 2021, at 14:59",Hollywood Walk of Fame,https://en.wikipedia.org/wiki/Hollywood_Walk_of_Fame
" This page was last edited on 2 August 2021, at 10:40",The Guardian,https://en.wikipedia.org/wiki/The_Guardian
" This page was last edited on 23 July 2021, at 16:15",Academy Awards,https://en.wikipedia.org/wiki/Academy_Award
" This page was last edited on 31 July 2021, at 17:21",Social networking service,https://en.wikipedia.org/wiki/Social_networking_service
" This page was last edited on 1 August 2021, at 15:41",Golden Globe Awards,https://en.wikipedia.org/wiki/Golden_Globe_Award
" This page was last edited on 13 July 2021, at 14:19",Screen Actors Guild Awards,https://en.wikipedia.org/wiki/Screen_Actors_Guild_Award
" This page was last edited on 13 July 2021, at 09:04",The Following,https://en.wikipedia.org/wiki/The_Following
" This page was last edited on 10 June 2021, at 04:58",Taking Chance,https://en.wikipedia.org/wiki/Taking_Chance
" This page was last edited on 23 July 2021, at 21:43",Blockbuster (entertainment),https://en.wikipedia.org/wiki/Blockbuster_(entertainment)
" This page was last edited on 22 May 2021, at 11:35",Giffoni Film Festival,https://en.wikipedia.org/wiki/Giffoni_Film_Festival
" This page was last edited on 10 May 2021, at 17:42",Internet Broadway Database,https://en.wikipedia.org/wiki/Internet_Broadway_Database
" This page was last edited on 1 August 2021, at 05:58",Ewan McGregor,https://en.wikipedia.org/wiki/Ewan_McGregor
" This page was last edited on 29 July 2021, at 13:22",Tom Hiddleston,https://en.wikipedia.org/wiki/Tom_Hiddleston
" This page was last edited on 30 July 2021, at 14:16",HBO,https://en.wikipedia.org/wiki/HBO
" This page was last edited on 22 July 2021, at 21:32",Darren Criss,https://en.wikipedia.org/wiki/Darren_Criss
lastUpdated,title,url
" This page was last edited on 31 July 2021, at 22:55",Kevin Bacon,https://en.wikipedia.org/wiki/Kevin_Bacon
" This page was last edited on 25 June 2021, at 23:11", (TV series),https://en.wikipedia.org/wiki/I_Love_Dick_(TV_series)
" This page was last edited on 13 July 2021, at 17:43",Streaming television,https://en.wikipedia.org/wiki/Streaming_television
" This page was last edited on 28 June 2021, at 16:40",Six Degrees of Kevin Bacon,https://en.wikipedia.org/wiki/Six_Degrees_of_Kevin_Bacon
" This page was last edited on 2 March 2021, at 15:35",SixDegrees.org,https://en.wikipedia.org/wiki/SixDegrees.org
" This page was last edited on 1 August 2021, at 13:50",Golden Globe Award for Best Actor – Television Series Musical or Comedy,https://en.wikipedia.org/wiki/Golden_Globe_Award_for_Best_Actor_%E2%80%93_Television_Series_Musical_or_Comedy
" This page was last edited on 31 July 2021, at 17:21",Social networking service,https://en.wikipedia.org/wiki/Social_networking_service
" This page was last edited on 2 August 2021, at 10:40",The Guardian,https://en.wikipedia.org/wiki/The_Guardian
" This page was last edited on 25 July 2021, at 03:51",Primetime Emmy Awards,https://en.wikipedia.org/wiki/Primetime_Emmy_Award
" This page was last edited on 25 July 2021, at 14:59",Hollywood Walk of Fame,https://en.wikipedia.org/wiki/Hollywood_Walk_of_Fame
" This page was last edited on 13 July 2021, at 14:19",Screen Actors Guild Awards,https://en.wikipedia.org/wiki/Screen_Actors_Guild_Award
" This page was last edited on 23 July 2021, at 16:15",Academy Awards,https://en.wikipedia.org/wiki/Academy_Award
" This page was last edited on 1 August 2021, at 15:41",Golden Globe Awards,https://en.wikipedia.org/wiki/Golden_Globe_Award
" This page was last edited on 13 July 2021, at 09:04",The Following,https://en.wikipedia.org/wiki/The_Following
" This page was last edited on 10 June 2021, at 04:58",Taking Chance,https://en.wikipedia.org/wiki/Taking_Chance
" This page was last edited on 1 July 2021, at 22:05",Independent Spirit Award for Best Male Lead,https://en.wikipedia.org/wiki/Independent_Spirit_Award_for_Best_Male_Lead
" This page was last edited on 25 June 2021, at 11:49", (1997 film),https://en.wikipedia.org/wiki/Picture_Perfect_(1997_film)
" This page was last edited on 16 July 2021, at 16:25",Kevin Kline,https://en.wikipedia.org/wiki/Kevin_Kline
" This page was last edited on 23 July 2021, at 00:02",Jamie Foxx,https://en.wikipedia.org/wiki/Jamie_Foxx
" This page was last edited on 29 July 2021, at 23:33",Sam Rockwell,https://en.wikipedia.org/wiki/Sam_Rockwell
" This page was last edited on 25 July 2021, at 06:08",Alexander Skarsgård,https://en.wikipedia.org/wiki/Alexander_Skarsg%C3%A5rd
" This page was last edited on 30 July 2021, at 14:16",HBO,https://en.wikipedia.org/wiki/HBO
